category,expression,korean,time,time_words,time_of_day,question,sentence,sentence_ko,tts_sentence
textbook,get up,일어나다,7:00,seven o'clock,in the morning,What time do you get up?,I get up at 7:00 in the morning.,나는 아침 7시에 일어나요.,I get up at seven o'clock in the morning.
textbook,go to school,학교에 가다,8:30,half past eight,in the morning,What time do you go to school?,I go to school at 8:30.,나는 8시 30분에 학교에 가요.,I go to school at half past eight.
textbook,have lunch,점심을 먹다,12:20,twelve twenty,at school,What time do you have lunch?,I have lunch at 12:20 at school.,나는 학교에서 12시 20분에 점심을 먹어요.,I have lunch at twelve twenty at school.
textbook,go home,집에 가다,2:45,quarter to three,in the afternoon,What time do you go home?,I go home at 2:45 in the afternoon.,나는 오후 2시 45분에 집에 가요.,I go home at quarter to three in the afternoon.
textbook,do homework,숙제를 하다,5:15,quarter past five,after school,What time do you do your homework?,I do my homework at 5:15 after school.,나는 방과 후 5시 15분에 숙제를 해요.,I do my homework at quarter past five after school.
textbook,go to bed,자러 가다,9:30,half past nine,at night,What time do you go to bed?,I go to bed at 9:30 at night.,나는 밤 9시 30분에 자러 가요.,I go to bed at half past nine at night.
korea,go to an academy,학원에 가다,4:30,four thirty,in the afternoon,What time do you go to an academy?,I go to an academy at 4:30 in the afternoon.,나는 오후 4시 30분에 학원에 가요.,I go to an academy at four thirty in the afternoon.
korea,play with friends,친구들과 놀다,3:15,quarter past three,after school,What time do you play with friends?,I play with friends at 3:15 after school.,나는 방과 후 3시 15분에 친구들과 놀아요.,I play with friends at quarter past three after school.
korea,walk the dog,강아지를 산책시키다,6:40,six forty,before dinner,What time do you walk the dog?,I walk the dog at 6:40 before dinner.,나는 저녁 먹기 전 6시 40분에 강아지를 산책시켜요.,I walk the dog at six forty before dinner.
korea,watch YouTube,유튜브를 보다,7:45,quarter to eight,after dinner,What time do you watch YouTube?,I watch YouTube at 7:45 after dinner.,나는 저녁 먹고 7시 45분에 유튜브를 봐요.,I watch YouTube at quarter to eight after dinner.
korea,pack my schoolbag,책가방을 싸다,8:50,ten to nine,before bed,What time do you pack your schoolbag?,I pack my schoolbag at 8:50 before bed.,나는 자기 전 8시 50분에 책가방을 싸요.,I pack my schoolbag at ten to nine before bed.
korea,go to taekwondo,태권도장에 가다,5:00,five o'clock,in the afternoon,What time do you go to taekwondo?,I go to taekwondo at 5:00 in the afternoon.,나는 오후 5시에 태권도장에 가요.,I go to taekwondo at five o'clock in the afternoon.
world,feed my pet,반려동물 밥을 주다,7:10,ten past seven,in the morning,What time do you feed your pet?,I feed my pet at 7:10 in the morning.,나는 아침 7시 10분에 반려동물 밥을 줘요.,I feed my pet at ten past seven in the morning.
world,take the school bus,스쿨버스를 타다,7:50,ten to eight,in the morning,What time do you take the school bus?,I take the school bus at 7:50 in the morning.,나는 아침 7시 50분에 스쿨버스를 타요.,I take the school bus at ten to eight in the morning.
world,practice soccer,축구를 연습하다,3:30,half past three,in the afternoon,What time do you practice soccer?,I practice soccer at 3:30 in the afternoon.,나는 오후 3시 30분에 축구를 연습해요.,I practice soccer at half past three in the afternoon.
world,practice the piano,피아노를 연습하다,4:00,four o'clock,after school,What time do you practice the piano?,I practice the piano at 4:00 after school.,나는 방과 후 4시에 피아노를 연습해요.,I practice the piano at four o'clock after school.
world,do chores,집안일을 돕다,6:00,six o'clock,before dinner,What time do you do chores?,I do chores at 6:00 before dinner.,나는 저녁 먹기 전 6시에 집안일을 도와요.,I do chores at six o'clock before dinner.
world,read before bed,잠들기 전 책을 읽다,8:45,quarter to nine,at night,What time do you read before bed?,I read before bed at 8:45 at night.,나는 밤 8시 45분에 잠들기 전 책을 읽어요.,I read before bed at quarter to nine at night.
